pickup_hour,total_trips,avg_trip_minutes,avg_speed_mph
0,25764306,17.38,16.03
1,18108836,16.43,16.45
2,13024471,16.17,17.05
3,10332578,16.62,18.6
4,10362172,17.7,20.82
5,12001804,18.53,20.7
6,18409165,19.17,17.74
7,27301417,19.58,14.36
8,33302507,19.35,13.06
9,31334193,19.14,13.42
10,29043236,19.61,13.42
11,28765742,20.21,13.08
12,29515132,20.68,12.76
13,30601135,21.32,12.49
14,33021751,22.55,11.8
15,34004979,23.45,11.31
16,34978998,23.43,11.11
17,38730591,22.21,11.08
18,40762344,20.33,11.73
19,39748295,18.98,12.77
20,37577043,18.61,13.83
21,36940614,18.43,14.59
22,36874670,18.51,14.97
23,33407920,18.25,15.45
