year,month,avg_base_fare,avg_driver_pay,total_base_fare,total_driver_pay
2022,1,19.69,15.64,2.8996923982E8,2.3031922895E8
2022,2,21.15,16.43,3.3837459479E8,2.6285862548E8
2022,3,22.49,18.08,4.1448481567E8,3.3315163594E8
2022,4,24.1,19.03,4.2727710841E8,3.3735585947E8
2022,5,25.63,20.17,4.6466827843E8,3.6578576483E8
2022,6,25.11,19.93,4.4594634802E8,3.5384019886E8
2022,7,23.57,18.59,4.1113729694E8,3.2437276758E8
2022,8,23.82,18.41,4.0883946837E8,3.1595037145E8
2022,9,25.41,20.27,4.5145659082E8,3.6023799593E8
2022,10,24.26,19.53,4.6775155369E8,3.7641816532E8
2022,11,23.8,18.52,4.2978005313E8,3.3443854078E8
2022,12,24.45,18.7,4.8034595389E8,3.6729302422E8
2023,1,21.58,16.79,3.983499653E8,3.0990586033E8
2023,2,22.35,17.59,4.0099101135E8,3.1555349747E8
2023,3,23.43,18.6,4.7780253237E8,3.7942559484E8
2023,4,24.45,19.6,4.6769568266E8,3.7500499265E8
2023,5,25.48,20.41,5.0546206777E8,4.0480468041E8
2023,6,25.46,19.98,4.9290055939E8,3.8669631754E8
2023,7,24.19,19.24,4.6268553253E8,3.6803487669E8
2023,8,24.29,19.39,4.4500391691E8,3.5512132471E8
2023,9,25.99,20.94,5.1580544884E8,4.1547761697E8
2023,10,25.95,20.36,5.2370372942E8,4.10987102E8
2023,11,25.46,19.93,4.903850461E8,3.8384587616E8
2023,12,26.18,20.26,5.3707683729E8,4.1552381909E8
2024,1,23.96,18.27,4.7107697455E8,3.5921456927E8
2024,2,24.28,19.08,4.6983661311E8,3.6908293615E8
2024,3,25.55,19.56,5.4363869811E8,4.1610369548E8
2024,4,25.9,19.81,5.1090834942E8,3.9077385762E8
2024,5,27.17,20.82,5.6244186234E8,4.3094769179E8
2024,6,27.0,20.72,5.4333386742E8,4.1694925028E8
2024,7,25.66,19.77,4.9209230599E8,3.7915119531E8
2024,8,26.14,20.02,4.9996264527E8,3.8286259122E8
2024,9,27.4,21.2,5.2631490247E8,4.0725292232E8
2024,10,27.07,20.9,5.419627149E8,4.1854952348E8
2024,11,26.43,20.63,5.2782054027E8,4.1202117982E8
2024,12,27.92,21.54,5.8815335666E8,4.5363761841E8
