year,month,total_trips,avg_trip_miles,avg_trip_minutes,avg_speed_mph
2022,1,14730264,4.63,17.0,14.47
2022,2,15998338,4.73,18.4,13.84
2022,3,18431321,4.91,18.88,13.94
2022,4,17730495,5.07,19.36,14.11
2022,5,18132766,5.17,20.09,13.95
2022,6,17757019,5.17,20.27,13.79
2022,7,17444437,5.16,19.02,14.48
2022,8,17162418,5.2,19.33,14.34
2022,9,17769521,5.2,20.76,13.68
2022,10,19278166,5.06,20.05,13.64
2022,11,18056029,5.03,19.81,13.72
2022,12,19644858,4.94,19.59,13.61
2023,1,18462116,4.87,18.24,14.15
2023,2,17944392,4.81,18.44,13.88
2023,3,20396397,4.94,19.25,13.68
2023,4,19129888,5.02,19.35,13.89
2023,5,19838131,5.15,20.56,13.58
2023,6,19357692,5.13,20.22,13.65
2023,7,19128420,5.14,19.48,14.07
2023,8,18317106,5.23,19.8,14.1
2023,9,19845845,5.09,21.01,13.25
2023,10,20182137,5.12,20.82,13.32
2023,11,19257267,5.11,20.55,13.48
2023,12,20512228,5.1,20.32,13.57
2024,1,19660316,4.84,18.51,13.81
2024,2,19347448,4.93,19.2,13.68
2024,3,21276667,4.95,19.65,13.46
2024,4,19729798,5.04,19.83,13.61
2024,5,20701687,5.15,21.04,13.27
2024,6,20120339,5.17,20.67,13.5
2024,7,19179981,5.15,19.67,13.97
2024,8,19125438,5.18,19.85,13.91
2024,9,19206252,5.21,21.3,13.31
2024,10,20023432,5.2,20.86,13.45
2024,11,19972660,5.07,20.33,13.46
2024,12,21062630,5.1,20.57,13.39
