PULocationID,total_trips,avg_trip_minutes,avg_trip_miles
138,12934715,33.93,11.48
132,12374489,43.05,17.66
79,9673346,19.05,4.36
61,8980829,18.82,3.84
230,8688478,24.05,6.16
161,8344506,23.08,5.32
231,8045113,20.75,5.03
68,7982455,22.71,5.17
246,7513541,21.29,4.52
234,7507676,20.53,4.45
164,7466904,21.7,5.3
37,7440892,19.57,4.11
148,7421462,19.44,4.72
76,7230372,16.54,3.96
48,7092044,22.2,5.58
255,6953629,20.99,4.59
249,6791788,19.45,4.19
7,6668117,17.58,4.49
170,6517996,20.5,4.92
181,6475271,20.77,4.66
112,6168881,19.27,4.33
42,6166978,17.2,4.49
163,5954212,23.13,5.43
256,5751127,20.17,4.36
237,5710019,20.56,4.52
107,5679620,19.49,4.45
17,5633513,18.58,3.75
162,5611714,22.5,5.44
80,5522166,18.91,4.42
225,5515207,19.82,3.96
145,5488160,20.08,4.94
36,5411313,18.88,4.09
89,5359722,19.9,4.38
144,5242668,19.84,4.22
129,5165682,17.05,4.15
244,5120403,18.43,5.51
236,5111108,20.35,4.82
188,5066898,19.6,3.95
90,4874495,20.58,4.6
142,4871012,21.14,5.13
39,4845649,16.45,3.96
186,4778940,23.24,5.49
74,4770752,17.4,4.47
130,4752507,17.19,4.78
114,4705850,19.24,4.17
82,4597247,17.06,3.99
141,4591498,20.43,4.92
239,4475254,20.67,5.23
87,4438394,23.45,6.5
41,4426134,18.06,4.43
113,4416893,20.28,4.21
158,4396654,20.12,4.33
95,4370068,18.08,4.97
97,4351520,19.87,4.34
75,4346545,19.43,5.04
229,4300842,20.42,4.81
216,4276086,14.85,4.22
211,4219233,20.29,4.12
50,4216864,20.26,4.9
100,4121478,24.25,6.04
233,4105621,20.15,4.74
198,4091956,18.81,4.14
140,4078294,21.82,5.53
49,4073794,19.55,4.12
226,4043791,18.49,4.23
35,4025480,17.11,3.61
168,3953900,17.5,4.47
25,3908707,21.26,4.91
137,3906106,19.52,4.75
263,3785858,20.1,5.5
238,3613387,20.17,5.3
243,3591415,18.36,5.35
143,3576980,19.53,4.7
14,3537438,18.15,5.27
72,3391084,17.07,3.51
92,3370107,19.02,5.62
26,3354669,17.0,3.24
69,3296937,17.24,3.99
91,3248780,17.92,4.01
223,3242462,17.36,4.81
228,3231838,20.1,4.94
33,3213746,21.57,5.42
247,3204336,16.66,4.28
65,3191115,21.12,5.12
13,3169194,21.69,5.92
232,3161679,19.87,4.83
254,3130363,16.26,4.59
213,3117082,16.38,4.57
116,3082057,18.01,4.9
169,3078818,16.04,3.88
18,3028067,16.32,4.03
166,2986094,20.12,5.09
159,2911042,17.44,3.8
177,2888330,18.12,3.88
260,2885090,16.14,4.1
71,2884782,18.05,3.72
197,2880656,16.07,4.38
78,2829644,16.46,4.01
174,2777403,16.67,4.64
235,2765938,16.4,4.1
205,2728416,16.77,4.65
261,2638263,24.65,6.63
262,2629600,19.51,5.23
242,2588692,16.68,4.17
51,2526881,17.5,5.22
66,2512718,21.05,5.08
241,2475593,16.61,4.43
125,2432039,20.68,4.75
167,2428204,17.27,3.78
62,2417888,19.25,3.89
189,2416188,20.47,4.35
127,2385619,17.26,5.02
179,2320399,18.75,4.67
220,2307675,16.24,4.91
4,2256831,19.18,4.46
10,2235592,16.74,4.75
22,2212976,17.16,4.23
47,2195797,15.98,3.74
119,2180994,16.79,4.36
258,2140450,18.07,4.78
259,2124962,15.82,4.92
208,2109524,16.75,5.37
215,2107370,15.8,4.2
85,2091035,19.52,4.11
63,2088407,17.72,4.41
185,2079598,17.26,4.68
151,2068913,19.91,5.17
157,2063285,16.82,4.14
210,2043393,16.14,4.32
126,2015414,16.95,4.25
165,1992457,18.73,4.08
56,1962876,17.09,4.45
77,1944636,17.55,4.01
20,1938224,16.96,4.33
191,1875610,16.69,5.51
123,1865755,16.16,3.73
155,1854449,18.91,4.63
81,1821758,15.41,4.51
88,1783204,23.84,6.75
45,1767790,20.33,4.88
146,1744403,20.69,4.87
55,1730535,20.16,6.16
136,1722582,16.42,4.16
182,1707745,17.34,4.57
212,1700106,15.24,4.27
21,1670250,17.19,4.25
196,1662804,17.81,4.56
32,1632227,16.71,4.57
209,1630075,22.03,5.94
28,1623079,17.28,5.03
248,1615767,15.69,4.43
40,1600308,20.42,5.06
227,1599957,19.33,4.59
250,1598198,16.35,4.4
224,1591873,19.3,4.56
102,1573126,17.1,4.04
173,1566190,16.45,4.15
152,1555376,18.17,4.84
70,1548042,17.68,5.07
149,1521680,16.63,3.75
60,1488227,16.36,3.97
134,1454893,16.63,5.01
121,1445676,18.4,5.28
218,1443453,16.5,4.79
3,1436864,15.57,4.36
83,1433991,16.22,4.04
160,1421341,17.34,4.25
94,1388494,16.61,3.83
106,1386805,19.67,4.55
147,1373696,17.6,4.1
206,1318690,15.17,4.47
86,1315319,19.56,5.79
133,1301240,19.45,4.59
16,1299254,16.72,5.85
200,1294839,18.81,6.71
171,1273239,16.69,4.84
195,1257067,22.75,5.75
219,1253340,16.8,5.15
29,1245902,16.69,4.62
139,1245652,15.77,4.91
203,1239927,15.88,5.01
135,1174408,18.19,5.24
67,1154990,17.78,4.64
180,1094053,16.2,4.38
43,1080498,20.97,4.47
217,1065416,15.97,3.01
52,1040469,20.59,5.02
131,1033370,17.3,5.51
117,1015399,21.68,6.6
23,1006319,16.48,5.96
257,983960,20.21,5.19
24,982906,19.78,4.97
193,975869,19.4,4.48
124,964743,17.11,5.29
53,938062,19.51,5.99
108,912902,16.59,4.74
221,897748,14.95,4.66
183,862205,15.68,5.04
156,859364,14.37,4.83
192,837853,17.31,5.09
252,828941,17.86,5.99
222,799112,17.54,4.49
122,774123,17.15,5.11
38,761639,17.94,5.99
11,729517,17.35,5.0
150,697868,17.11,5.01
118,681830,17.77,5.73
178,681348,16.85,3.73
73,666818,17.17,4.56
153,632453,14.82,3.79
98,594127,17.63,5.51
34,585950,20.15,4.57
9,572034,16.92,5.29
101,566742,19.26,7.35
19,564718,17.23,6.47
93,536478,25.39,8.85
115,529065,15.33,4.77
214,526222,17.83,5.55
175,504609,18.38,6.59
245,502109,15.72,4.75
251,500171,14.67,4.73
202,477730,26.22,6.43
15,455715,18.62,6.71
187,451928,14.73,4.82
201,443412,21.56,7.39
109,430793,17.54,5.77
64,427173,18.26,6.87
190,421748,21.01,4.26
240,420150,15.5,4.87
172,387692,17.6,5.3
54,379309,20.07,5.28
6,349101,16.74,5.58
84,289491,17.15,6.51
31,268832,20.76,5.87
44,260956,17.48,7.81
58,218961,17.21,5.57
176,217200,19.36,6.03
5,190311,16.99,6.67
128,178903,18.33,5.27
204,166798,17.82,7.75
184,151476,16.42,5.5
57,145403,16.79,5.05
46,129043,24.41,9.21
207,126468,11.85,3.28
194,107618,24.85,7.21
12,95590,24.12,5.56
96,93930,19.51,5.19
59,76784,17.37,4.22
154,67324,24.48,7.66
120,62829,17.52,5.13
27,50526,28.56,10.3
253,39358,24.21,8.77
30,34146,20.34,7.03
265,30799,18.02,6.23
8,25891,18.69,4.64
111,24006,18.67,4.32
99,14184,14.12,5.53
2,1523,26.56,8.8
110,1202,20.93,6.9
199,326,28.91,9.73
105,127,28.82,9.35
1,58,11.93,3.32
264,1,6.75,0.92
