DOLocationID,total_trips,avg_trip_minutes,avg_trip_miles
265,28201958,38.35,17.2
132,14805685,38.51,13.88
138,14314277,27.6,9.48
61,9374656,18.46,3.62
79,8017527,17.51,3.4
230,7761857,23.98,4.35
161,7720182,21.05,3.62
68,7588015,20.08,3.81
37,7586385,19.13,3.85
76,7202415,16.05,3.65
246,7186901,18.75,3.48
231,6817664,19.5,4.0
234,6666212,18.09,3.23
7,6461293,16.83,4.14
170,6420604,18.39,3.54
255,6403552,19.96,4.14
181,6399510,19.99,4.27
164,6359305,20.19,3.79
186,6040922,20.1,3.51
112,6026131,18.12,3.96
48,5892168,21.87,4.27
148,5846730,19.37,3.79
225,5788064,19.12,3.73
17,5766728,18.26,3.52
162,5761174,19.68,3.93
249,5738871,16.89,3.01
42,5687631,16.57,4.25
237,5510899,18.99,3.36
89,5483892,19.36,4.19
256,5406701,18.71,3.87
145,5385065,18.73,4.33
80,5297960,17.98,3.91
36,5244628,18.66,3.81
188,5226934,19.05,3.77
244,5116457,19.08,5.06
163,5104840,21.25,3.77
107,5015073,17.52,3.56
236,4998725,18.62,3.79
130,4853001,16.33,4.04
1,4713578,43.23,17.59
129,4702392,16.09,3.84
39,4651602,16.1,3.73
74,4609311,16.29,4.04
142,4584065,20.0,3.9
95,4500912,17.41,4.59
82,4439005,16.19,3.68
75,4403236,18.93,4.6
144,4380039,19.28,3.35
198,4254543,18.23,3.95
97,4170062,20.1,3.89
87,4159015,21.08,5.23
140,4143768,20.81,4.61
90,4116254,17.85,3.51
114,4094188,17.5,2.99
49,4085254,19.23,3.78
226,4082312,17.31,4.17
41,4058014,17.45,4.09
239,4045286,19.18,4.11
141,4002527,18.62,3.95
168,3965050,16.68,4.22
158,3866114,17.85,3.29
211,3864138,19.01,3.26
137,3837875,18.32,4.14
35,3769535,16.89,3.43
113,3758833,17.74,3.2
233,3734029,17.99,3.92
14,3625292,17.61,5.24
25,3542949,21.28,4.46
50,3507954,20.34,4.09
216,3500553,15.48,4.05
100,3479457,22.87,4.08
263,3465103,18.75,4.5
26,3445414,16.4,3.08
229,3433576,17.95,3.81
223,3343379,16.3,4.52
228,3332256,18.88,4.87
243,3331296,18.25,4.96
92,3309419,18.33,5.05
238,3272869,19.0,4.4
69,3259629,17.21,3.7
72,3257532,16.65,3.33
166,3136691,18.2,4.29
33,3090696,21.44,4.6
247,3045864,16.3,3.61
213,3044919,15.35,4.29
91,3042391,17.63,3.94
159,2973944,16.22,3.44
13,2968921,20.06,4.74
116,2947994,18.02,4.64
260,2935339,14.67,3.65
65,2898098,22.07,4.76
169,2894086,16.28,3.6
18,2873524,16.17,3.84
71,2851085,17.47,3.55
177,2829078,17.7,3.64
232,2770217,19.29,4.4
143,2745543,19.77,4.06
254,2691347,16.03,4.5
78,2679296,15.93,3.54
174,2664386,16.4,4.38
235,2635591,16.32,3.74
197,2630517,16.39,4.02
261,2571479,21.92,5.52
242,2568201,16.0,4.03
62,2398750,19.22,3.72
189,2395392,20.16,3.89
179,2379080,17.2,4.44
51,2376008,16.27,5.13
241,2358792,16.12,4.15
127,2358469,16.76,4.6
205,2343011,15.94,4.3
167,2284372,16.34,3.52
66,2247068,21.53,4.47
262,2181937,19.42,4.63
126,2167707,15.86,4.03
22,2155425,16.89,4.26
119,2136428,16.58,3.9
125,2090194,19.22,3.77
85,2086426,19.51,3.98
220,2085046,15.89,4.62
47,2070388,15.72,3.36
208,2066878,15.49,5.09
210,2010315,15.68,4.32
63,2009217,17.3,4.19
185,1991228,16.35,4.51
157,1970827,15.77,3.76
258,1958893,17.82,4.53
165,1941672,18.03,3.89
155,1922249,18.12,4.49
77,1917364,16.96,3.76
123,1915398,15.68,3.57
20,1907943,16.35,3.95
4,1884630,18.14,4.07
10,1863824,16.35,4.53
151,1847992,18.9,4.58
55,1784825,19.44,5.99
146,1768835,19.26,4.4
215,1737337,15.52,3.96
56,1732735,16.11,4.45
88,1727451,21.21,5.66
227,1703704,18.1,4.42
136,1656915,16.26,3.8
259,1654468,16.42,5.17
81,1641002,15.13,4.38
21,1639521,16.87,4.27
212,1619202,14.61,4.0
152,1611574,17.46,4.27
250,1573611,15.13,4.23
45,1570576,20.17,4.19
196,1542505,17.32,4.33
40,1542073,19.0,4.51
102,1541789,16.87,3.93
43,1515427,20.4,3.68
28,1509839,16.67,4.75
149,1506162,16.24,3.66
209,1500970,20.57,4.88
191,1499702,16.84,5.28
182,1491189,16.64,4.53
32,1491012,15.84,4.35
248,1475940,15.1,4.12
173,1451056,15.66,3.8
160,1447032,16.43,4.0
134,1444318,16.86,4.56
83,1429497,15.38,3.74
206,1414447,14.32,4.09
121,1412823,17.15,5.04
60,1366160,15.77,3.71
3,1357911,14.75,4.07
133,1310913,18.51,4.48
29,1307033,16.29,4.61
224,1303406,17.69,3.98
147,1299743,16.45,3.9
195,1284145,20.89,5.03
94,1281111,16.44,3.57
70,1265824,16.2,4.73
106,1262097,19.64,4.24
16,1250043,16.24,5.53
171,1247618,15.96,4.53
200,1224859,18.24,6.3
67,1158926,16.97,4.51
135,1149158,17.1,5.06
23,1143190,16.37,5.72
217,1125781,15.35,2.7
218,1115824,16.48,4.8
86,1073239,20.15,6.14
257,1057907,18.98,4.88
139,1018773,15.26,4.7
131,1005537,16.12,4.85
219,993286,16.79,5.38
53,977910,18.53,5.87
180,968274,15.9,4.03
193,967977,17.69,4.09
203,914953,16.57,5.31
117,911817,21.08,6.54
124,910585,17.3,4.7
52,908600,20.34,4.55
108,907898,16.34,4.73
24,906088,18.55,4.4
252,832633,16.85,5.71
150,790456,16.32,4.74
192,777883,16.51,5.04
93,767638,26.0,7.2
221,763186,14.84,4.72
183,753372,15.53,4.88
222,749817,17.68,4.32
156,727281,13.9,4.55
118,717387,16.93,5.3
11,716120,17.3,4.9
34,680957,20.89,4.11
122,676597,16.37,4.69
178,650320,16.33,3.53
73,623767,16.96,4.63
38,599242,18.39,5.83
190,593326,21.22,3.92
98,586543,17.5,5.37
9,562453,16.58,5.14
202,540160,23.84,5.53
214,532584,16.44,5.22
153,517198,15.3,3.8
175,498112,19.27,6.49
245,479069,15.14,4.49
115,478276,14.68,4.7
201,452632,21.19,7.42
15,452286,17.96,6.49
19,451694,18.83,6.59
251,450956,14.41,4.55
101,415433,22.03,8.15
187,404091,14.19,4.43
109,400206,17.18,5.48
64,382842,19.79,7.14
240,381321,15.69,4.78
172,379466,16.95,5.0
6,371959,15.09,5.11
54,370171,19.54,4.6
31,310164,19.71,5.7
84,277428,17.08,6.47
44,271177,17.23,7.37
194,256566,21.94,6.4
128,205927,16.89,4.74
58,201611,15.77,5.42
176,199860,18.88,5.87
184,185557,14.92,5.08
5,174105,16.72,6.47
204,158875,17.57,7.47
46,143164,22.55,8.27
207,140378,11.87,3.64
57,129797,15.98,4.56
12,122078,21.84,4.74
96,109249,18.91,4.94
120,91618,19.7,5.2
154,90151,22.34,7.55
59,85966,16.88,3.64
27,77248,25.88,10.03
253,38114,19.03,5.11
30,36102,20.03,6.89
8,28273,17.12,4.44
111,27549,18.13,4.39
99,16762,14.16,5.15
110,2398,10.74,3.0
2,1552,26.47,8.58
105,279,31.5,8.35
104,45,37.49,15.76
199,11,40.05,10.6
264,1,156.83,5.0
